{
  "timestamp": "2025-12-08T17:25:52.310488",
  "best_model": "Solar_model1_ensemble",
  "metrics": {
    "RMSE": 0.436221937866326,
    "MAE": 0.43039965994513274,
    "CV": 7.9354268107871935,
    "Mean": 8.333328138998489,
    "Total": 3.041664770734448
  },
  "all_models_ranked": {
    "Solar_model1_ensemble": {
      "RMSE": 0.436221937866326,
      "MAE": 0.43039965994513274,
      "CV": 7.9354268107871935,
      "Mean": 8.333328138998489,
      "Total": 3.041664770734448
    },
    "Solar_model5_xgboost": {
      "RMSE": 1.20113505856299,
      "MAE": 1.0323907088536757,
      "CV": 1.3765236752418042,
      "Mean": 6.870829681917807,
      "Total": 2.5078528338999995
    },
    "Solar_model4_lstm": {
      "RMSE": 1.2625400709171815,
      "MAE": 1.0952083853368888,
      "CV": 0.16675859364939816,
      "Mean": 6.808248549863013,
      "Total": 2.4850107206999996
    },
    "Solar_model3_prophet": {
      "RMSE": 2.1528542344908455,
      "MAE": 1.8158862866038925,
      "CV": 18.004609583239922,
      "Mean": 9.776686599279623,
      "Total": 3.343626816953631
    }
  }
}